{
  "Total" : {
    "transaction" : "Total",
    "sampleCount" : 150,
    "errorCount" : 4,
    "errorPct" : 2.6666667,
    "meanResTime" : 13907.393333333332,
    "medianResTime" : 12458.5,
    "minResTime" : 538.0,
    "maxResTime" : 27593.0,
    "pct1ResTime" : 24085.5,
    "pct2ResTime" : 25255.449999999997,
    "pct3ResTime" : 27316.070000000003,
    "throughput" : 0.09738438525782192,
    "receivedKBytesPerSec" : 3.5003676057659345,
    "sentKBytesPerSec" : 0.016294132168789215
  },
  "request-1-0" : {
    "transaction" : "request-1-0",
    "sampleCount" : 50,
    "errorCount" : 0,
    "errorPct" : 0.0,
    "meanResTime" : 8969.419999999998,
    "medianResTime" : 9664.0,
    "minResTime" : 2272.0,
    "maxResTime" : 15145.0,
    "pct1ResTime" : 12902.0,
    "pct2ResTime" : 13823.299999999997,
    "pct3ResTime" : 15145.0,
    "throughput" : 0.03263268777174871,
    "receivedKBytesPerSec" : 0.031039294814143793,
    "sentKBytesPerSec" : 0.004079085971468588
  },
  "request-1-1" : {
    "transaction" : "request-1-1",
    "sampleCount" : 50,
    "errorCount" : 2,
    "errorPct" : 4.0,
    "meanResTime" : 11891.220000000001,
    "medianResTime" : 11812.5,
    "minResTime" : 538.0,
    "maxResTime" : 19660.0,
    "pct1ResTime" : 15778.9,
    "pct2ResTime" : 17764.699999999993,
    "pct3ResTime" : 19660.0,
    "throughput" : 0.03257195307293577,
    "receivedKBytesPerSec" : 1.725159498746957,
    "sentKBytesPerSec" : 0.004103302682039759
  },
  "request-1" : {
    "transaction" : "request-1",
    "sampleCount" : 50,
    "errorCount" : 2,
    "errorPct" : 4.0,
    "meanResTime" : 20861.539999999997,
    "medianResTime" : 21194.5,
    "minResTime" : 6889.0,
    "maxResTime" : 27593.0,
    "pct1ResTime" : 25714.399999999998,
    "pct2ResTime" : 27001.6,
    "pct3ResTime" : 27593.0,
    "throughput" : 0.03246146175260731,
    "receivedKBytesPerSec" : 1.7501838028829673,
    "sentKBytesPerSec" : 0.008147066084394607
  }
}