{
  "Total" : {
    "transaction" : "Total",
    "sampleCount" : 75,
    "errorCount" : 4,
    "errorPct" : 5.3333335,
    "meanResTime" : 15424.493333333334,
    "medianResTime" : 13730.0,
    "minResTime" : 538.0,
    "maxResTime" : 27593.0,
    "pct1ResTime" : 25250.4,
    "pct2ResTime" : 26544.4,
    "pct3ResTime" : 27593.0,
    "throughput" : 2.5704297758585235,
    "receivedKBytesPerSec" : 88.67186161234491,
    "sentKBytesPerSec" : 0.4300784195284118
  },
  "request-1-0" : {
    "transaction" : "request-1-0",
    "sampleCount" : 25,
    "errorCount" : 0,
    "errorPct" : 0.0,
    "meanResTime" : 10121.080000000002,
    "medianResTime" : 10732.0,
    "minResTime" : 4723.0,
    "maxResTime" : 15145.0,
    "pct1ResTime" : 13787.600000000002,
    "pct2ResTime" : 14866.3,
    "pct3ResTime" : 15145.0,
    "throughput" : 1.2993087677355646,
    "receivedKBytesPerSec" : 1.2358659568109767,
    "sentKBytesPerSec" : 0.1624135959669456
  },
  "request-1-1" : {
    "transaction" : "request-1-1",
    "sampleCount" : 25,
    "errorCount" : 2,
    "errorPct" : 8.0,
    "meanResTime" : 13015.079999999998,
    "medianResTime" : 13730.0,
    "minResTime" : 538.0,
    "maxResTime" : 19660.0,
    "pct1ResTime" : 17667.400000000005,
    "pct2ResTime" : 19412.5,
    "pct3ResTime" : 19660.0,
    "throughput" : 1.0437105999248528,
    "receivedKBytesPerSec" : 53.0144237543314,
    "sentKBytesPerSec" : 0.13148307362334571
  },
  "request-1" : {
    "transaction" : "request-1",
    "sampleCount" : 25,
    "errorCount" : 2,
    "errorPct" : 8.0,
    "meanResTime" : 23137.32,
    "medianResTime" : 24389.0,
    "minResTime" : 6889.0,
    "maxResTime" : 27593.0,
    "pct1ResTime" : 26997.2,
    "pct2ResTime" : 27430.1,
    "pct3ResTime" : 27593.0,
    "throughput" : 0.8568099252861745,
    "receivedKBytesPerSec" : 44.335930806172456,
    "sentKBytesPerSec" : 0.2150392097642059
  }
}