{
  "Total" : {
    "transaction" : "Total",
    "sampleCount" : 285,
    "errorCount" : 4,
    "errorPct" : 1.4035088,
    "meanResTime" : 10200.245614035086,
    "medianResTime" : 9255.0,
    "minResTime" : 538.0,
    "maxResTime" : 27593.0,
    "pct1ResTime" : 20966.600000000006,
    "pct2ResTime" : 24223.3,
    "pct3ResTime" : 26974.32,
    "throughput" : 0.15709897180101018,
    "receivedKBytesPerSec" : 5.754456098554524,
    "sentKBytesPerSec" : 0.02628543994326798
  },
  "request-1-0" : {
    "transaction" : "request-1-0",
    "sampleCount" : 95,
    "errorCount" : 0,
    "errorPct" : 0.0,
    "meanResTime" : 6609.652631578943,
    "medianResTime" : 6315.0,
    "minResTime" : 1871.0,
    "maxResTime" : 15145.0,
    "pct1ResTime" : 12075.400000000001,
    "pct2ResTime" : 13015.799999999994,
    "pct3ResTime" : 15145.0,
    "throughput" : 0.052423887413355734,
    "receivedKBytesPerSec" : 0.049864127285750466,
    "sentKBytesPerSec" : 0.006552985926669466
  },
  "request-1-1" : {
    "transaction" : "request-1-1",
    "sampleCount" : 95,
    "errorCount" : 2,
    "errorPct" : 2.1052632,
    "meanResTime" : 8690.399999999996,
    "medianResTime" : 9778.0,
    "minResTime" : 538.0,
    "maxResTime" : 19660.0,
    "pct1ResTime" : 14748.2,
    "pct2ResTime" : 15953.79999999999,
    "pct3ResTime" : 19660.0,
    "throughput" : 0.05251758233374869,
    "receivedKBytesPerSec" : 2.8355855803718026,
    "sentKBytesPerSec" : 0.006615984493216387
  },
  "request-1" : {
    "transaction" : "request-1",
    "sampleCount" : 95,
    "errorCount" : 2,
    "errorPct" : 2.1052632,
    "meanResTime" : 15300.684210526313,
    "medianResTime" : 15795.0,
    "minResTime" : 3904.0,
    "maxResTime" : 27593.0,
    "pct1ResTime" : 25082.8,
    "pct2ResTime" : 25894.39999999999,
    "pct3ResTime" : 27593.0,
    "throughput" : 0.05236632393367006,
    "receivedKBytesPerSec" : 2.877228049277262,
    "sentKBytesPerSec" : 0.01314271997163399
  }
}