{
  "Total" : {
    "transaction" : "Total",
    "sampleCount" : 300,
    "errorCount" : 4,
    "errorPct" : 1.3333334,
    "meanResTime" : 9828.793333333333,
    "medianResTime" : 8805.5,
    "minResTime" : 538.0,
    "maxResTime" : 27593.0,
    "pct1ResTime" : 20833.600000000002,
    "pct2ResTime" : 24091.75,
    "pct3ResTime" : 26956.780000000006,
    "throughput" : 0.15826265586893318,
    "receivedKBytesPerSec" : 5.803099025141606,
    "sentKBytesPerSec" : 0.02648014489473687
  },
  "request-1-0" : {
    "transaction" : "request-1-0",
    "sampleCount" : 100,
    "errorCount" : 0,
    "errorPct" : 0.0,
    "meanResTime" : 6383.3799999999965,
    "medianResTime" : 6046.5,
    "minResTime" : 1871.0,
    "maxResTime" : 15145.0,
    "pct1ResTime" : 11980.100000000002,
    "pct2ResTime" : 12907.999999999998,
    "pct3ResTime" : 15135.709999999995,
    "throughput" : 0.05281088580226865,
    "receivedKBytesPerSec" : 0.05023222926895475,
    "sentKBytesPerSec" : 0.006601360725283581
  },
  "request-1-1" : {
    "transaction" : "request-1-1",
    "sampleCount" : 100,
    "errorCount" : 2,
    "errorPct" : 2.0,
    "meanResTime" : 8359.489999999996,
    "medianResTime" : 8889.0,
    "minResTime" : 538.0,
    "maxResTime" : 19660.0,
    "pct1ResTime" : 14650.200000000004,
    "pct2ResTime" : 15782.949999999999,
    "pct3ResTime" : 19651.749999999996,
    "throughput" : 0.052900032692220204,
    "receivedKBytesPerSec" : 2.8592524496352016,
    "sentKBytesPerSec" : 0.006664164274703522
  },
  "request-1" : {
    "transaction" : "request-1",
    "sampleCount" : 100,
    "errorCount" : 2,
    "errorPct" : 2.0,
    "meanResTime" : 14743.509999999998,
    "medianResTime" : 15652.0,
    "minResTime" : 3904.0,
    "maxResTime" : 27593.0,
    "pct1ResTime" : 25082.0,
    "pct2ResTime" : 25736.199999999993,
    "pct3ResTime" : 27587.569999999996,
    "throughput" : 0.05275421862297773,
    "receivedKBytesPerSec" : 2.901549512570803,
    "sentKBytesPerSec" : 0.013240072447368434
  }
}