{
  "Total" : {
    "transaction" : "Total",
    "sampleCount" : 255,
    "errorCount" : 4,
    "errorPct" : 1.5686275,
    "meanResTime" : 11078.95294117647,
    "medianResTime" : 10166.0,
    "minResTime" : 538.0,
    "maxResTime" : 27593.0,
    "pct1ResTime" : 21193.0,
    "pct2ResTime" : 24456.999999999996,
    "pct3ResTime" : 27000.72,
    "throughput" : 0.14807399286457557,
    "receivedKBytesPerSec" : 5.410576745661722,
    "sentKBytesPerSec" : 0.02477540114986714
  },
  "request-1-0" : {
    "transaction" : "request-1-0",
    "sampleCount" : 85,
    "errorCount" : 0,
    "errorPct" : 0.0,
    "meanResTime" : 7150.894117647054,
    "medianResTime" : 6891.0,
    "minResTime" : 1879.0,
    "maxResTime" : 15145.0,
    "pct1ResTime" : 12234.400000000001,
    "pct2ResTime" : 13270.300000000001,
    "pct3ResTime" : 15145.0,
    "throughput" : 0.049438380003164056,
    "receivedKBytesPerSec" : 0.04702439660457206,
    "sentKBytesPerSec" : 0.006179797500395507
  },
  "request-1-1" : {
    "transaction" : "request-1-1",
    "sampleCount" : 85,
    "errorCount" : 2,
    "errorPct" : 2.3529413,
    "meanResTime" : 9467.223529411762,
    "medianResTime" : 9937.0,
    "minResTime" : 538.0,
    "maxResTime" : 19660.0,
    "pct1ResTime" : 14773.4,
    "pct2ResTime" : 16370.800000000003,
    "pct3ResTime" : 19660.0,
    "throughput" : 0.049508208752235876,
    "receivedKBytesPerSec" : 2.666430557711428,
    "sentKBytesPerSec" : 0.00623687395413909
  },
  "request-1" : {
    "transaction" : "request-1",
    "sampleCount" : 85,
    "errorCount" : 2,
    "errorPct" : 2.3529413,
    "meanResTime" : 16618.741176470583,
    "medianResTime" : 16742.0,
    "minResTime" : 5248.0,
    "maxResTime" : 27593.0,
    "pct1ResTime" : 25134.4,
    "pct2ResTime" : 26235.4,
    "pct3ResTime" : 27593.0,
    "throughput" : 0.0493579976215252,
    "receivedKBytesPerSec" : 2.705288372830861,
    "sentKBytesPerSec" : 0.01238770057493357
  }
}