{
  "Total" : {
    "transaction" : "Total",
    "sampleCount" : 210,
    "errorCount" : 4,
    "errorPct" : 1.9047619,
    "meanResTime" : 12495.447619047614,
    "medianResTime" : 11642.5,
    "minResTime" : 538.0,
    "maxResTime" : 27593.0,
    "pct1ResTime" : 22670.100000000002,
    "pct2ResTime" : 25082.0,
    "pct3ResTime" : 27040.32,
    "throughput" : 0.1271117960352015,
    "receivedKBytesPerSec" : 4.62143473164884,
    "sentKBytesPerSec" : 0.021268054414744
  },
  "request-1-0" : {
    "transaction" : "request-1-0",
    "sampleCount" : 70,
    "errorCount" : 0,
    "errorPct" : 0.0,
    "meanResTime" : 8010.071428571425,
    "medianResTime" : 8167.5,
    "minResTime" : 1879.0,
    "maxResTime" : 15145.0,
    "pct1ResTime" : 12562.9,
    "pct2ResTime" : 13458.550000000001,
    "pct3ResTime" : 15145.0,
    "throughput" : 0.04249576408294444,
    "receivedKBytesPerSec" : 0.040420775602331926,
    "sentKBytesPerSec" : 0.005311970510368056
  },
  "request-1-1" : {
    "transaction" : "request-1-1",
    "sampleCount" : 70,
    "errorCount" : 2,
    "errorPct" : 2.857143,
    "meanResTime" : 10732.8,
    "medianResTime" : 11274.0,
    "minResTime" : 538.0,
    "maxResTime" : 19660.0,
    "pct1ResTime" : 14796.8,
    "pct2ResTime" : 16741.600000000002,
    "pct3ResTime" : 19660.0,
    "throughput" : 0.042505027737566675,
    "receivedKBytesPerSec" : 2.2776189842861947,
    "sentKBytesPerSec" : 0.0053546372833458014
  },
  "request-1" : {
    "transaction" : "request-1",
    "sampleCount" : 70,
    "errorCount" : 2,
    "errorPct" : 2.857143,
    "meanResTime" : 18743.471428571425,
    "medianResTime" : 19614.5,
    "minResTime" : 5785.0,
    "maxResTime" : 27593.0,
    "pct1ResTime" : 25300.9,
    "pct2ResTime" : 26674.9,
    "pct3ResTime" : 27593.0,
    "throughput" : 0.0423705986784005,
    "receivedKBytesPerSec" : 2.31071736582442,
    "sentKBytesPerSec" : 0.010634027207372
  }
}